﻿<?xml version="1.0" encoding="utf-8" ?>
<Defs>
  
	<FactionDef>
		<defName>O21_KoboldPlayerColony</defName>
		<label>Kobold Colony</label>
		<description>Your own community.</description>
		<isPlayer>true</isPlayer>
		<basicMemberKind>O21_Kobold</basicMemberKind>
		<pawnsPlural>Kobold</pawnsPlural>
		<settlementNameMaker>NamerSettlementOutlander</settlementNameMaker>
		<playerInitialSettlementNameMaker>NamerInitialSettlementColony</playerInitialSettlementNameMaker>
		<factionNameMaker>NamerFactionOutlander</factionNameMaker>
		<colorSpectrum>
			<li>(0, 0.737, 0.847)</li>
		</colorSpectrum>
		<techLevel>Industrial</techLevel>
		<backstoryFilters>
			<li>
				<categories>
					<li>Offworld</li>
				</categories>
			</li>
		</backstoryFilters>
    	<settlementTexturePath>World/WorldObjects/DefaultSettlement</settlementTexturePath>
    	<factionIconPath>World/WorldObjects/Expanding/Town</factionIconPath>
		<startingResearchTags>
			<li>ClassicStart</li>
		</startingResearchTags>
		<hairTags>
			<li>NoHairLikeShowHair</li>
		</hairTags>
		<apparelStuffFilter>
			<thingDefs>
				<li>Synthread</li>
			</thingDefs>
		</apparelStuffFilter>
	</FactionDef>
  
  	<FactionDef>
		<defName>O21_KoboldPlayerTribe</defName>
		<label>Kobold Tribe</label>
		<description>A small kobold tribe.</description>
		<isPlayer>true</isPlayer>
		<pawnsPlural>tribal kobolds</pawnsPlural>
		<basicMemberKind>O21_KoboldTribal</basicMemberKind>
		<colorSpectrum>
			<li>(0, 0.737, 0.847)</li>
		</colorSpectrum>
		<techLevel>Medieval</techLevel>
		<backstoryFilters>
			<li>
				<categories>
					<li>Tribal</li>
				</categories>
			</li>
		</backstoryFilters>
		<settlementTexturePath>World/WorldObjects/TribalSettlement</settlementTexturePath>
		<factionIconPath>World/WorldObjects/Expanding/Village</factionIconPath>
		<pawnNameMaker>NamerPersonTribal</pawnNameMaker>
		<playerInitialSettlementNameMaker>NamerInitialSettlementColony</playerInitialSettlementNameMaker>
		<factionNameMaker>NamerFactionTribal</factionNameMaker>
		<settlementNameMaker>NamerSettlementTribal</settlementNameMaker>
		<geneticVariance>1</geneticVariance>
		<forageabilityFactor>1.7</forageabilityFactor>
		<startingResearchTags>
			<li>TribalStart</li>
		</startingResearchTags>
		<hairTags>
			<li>NoHairLikeShowHair</li>
		</hairTags>
		<apparelStuffFilter>
		<thingDefs>
			<li>Cloth</li>
		</thingDefs>
		</apparelStuffFilter>
		<recipePrerequisiteTags>
			<li>Tribal</li>
		</recipePrerequisiteTags>
    </FactionDef>

</Defs>