<?xml version="1.0" encoding="utf-8" ?>
<Defs>
	
	<FactionDef ParentName="HumanFactionBase" Name="O21_KoboldTribeBase">
        <defName>O21_KoboldTribes</defName>
        <label>kobold tribes</label>
        <description>The collective tribes of Kobolds in this realm.</description>
        <colorSpectrum>
            <li>(214, 79, 79)</li>
        </colorSpectrum>
        <startingGoodwill>
            <min>-10</min>
            <max>-10</max>
        </startingGoodwill>
        <naturalColonyGoodwill>
            <min>-20</min>
            <max>10</max>
        </naturalColonyGoodwill>
		<pawnSingular>kobold</pawnSingular>
		<pawnsPlural>kobolds</pawnsPlural>
		<leaderTitle>chief</leaderTitle>
		<listOrderPriority>20</listOrderPriority>
		<settlementGenerationWeight>0.25</settlementGenerationWeight>
		<requiredCountAtGameStart>1</requiredCountAtGameStart>
		<canMakeRandomly>true</canMakeRandomly>
		<canStageAttacks>true</canStageAttacks>
		<settlementTexturePath>World/WorldObjects/TribalSettlement</settlementTexturePath>
		<factionIconPath>World/Kobold/KoboldTribeIcon</factionIconPath>
		<geneticVariance>0.1</geneticVariance>
		<factionNameMaker>NamerFactionTribal</factionNameMaker>
		<settlementNameMaker>NamerSettlementTribal</settlementNameMaker>
		<pawnNameMaker>NamerPersonTribal</pawnNameMaker>
		<techLevel>Medieval</techLevel>
		<backstoryFilters>
			<li>
				<categories>
					<li>Tribal</li>
				</categories>
			</li>
		</backstoryFilters>
		<hairTags>
			<li>Tribal</li>
			<li>Rural</li>
		</hairTags>
		<raidCommonalityFromPointsCurve>
			<points>
				<li>(0, 1)</li>
			</points>
		</raidCommonalityFromPointsCurve>
		<caravanTraderKinds>
			<li>Caravan_Neolithic_BulkGoods</li>
			<li>Caravan_Neolithic_WarMerchant</li>
			<li>Caravan_Neolithic_Slaver</li>
			<li>Caravan_Neolithic_ShamanMerchant</li>
		</caravanTraderKinds>
		<visitorTraderKinds>
			<li>Visitor_Neolithic_Standard</li>
		</visitorTraderKinds>
		<baseTraderKinds>
			<li>Base_Neolithic_Standard</li>
		</baseTraderKinds>
		<allowedArrivalTemperatureRange>
		<min>-40</min>
		<max>45</max>
		</allowedArrivalTemperatureRange>
		<maxPawnCostPerTotalPointsCurve>
		<points>
			<li>(0,35)</li>
			<li>(70, 50)</li>
			<li>(800, 100)</li>
			<li>(1300, 150)</li>
			<li>(100000, 10000)</li>
		</points>
		</maxPawnCostPerTotalPointsCurve>
		<pawnGroupMakers>
            <li>
                <!-- Normal fights, ranged with melee mix-ins -->
                <kindDef>Combat</kindDef>
                <commonality>100</commonality>
                <options>
                    <O21_KoboldTribes_Peasant>20</O21_KoboldTribes_Peasant>
                    <O21_KoboldTribes_Fighter>40</O21_KoboldTribes_Fighter>
                    <O21_KoboldTribes_Warrior>30</O21_KoboldTribes_Warrior>
                    <O21_KoboldTribes_Bowman>30</O21_KoboldTribes_Bowman>
                    <O21_KoboldTribes_Champion>30</O21_KoboldTribes_Champion>
                    <O21_KoboldTribes_Chief>10</O21_KoboldTribes_Chief>
                </options>
            </li>
            <li>
                <!-- Normal fights, ranged only -->
                <kindDef>Combat</kindDef>
                <commonality>60</commonality>
                <options>
                    <O21_KoboldTribes_Bowman>100</O21_KoboldTribes_Bowman>
                </options>
            </li>
            <li>
                <!-- Normal fights, melee only -->
                <kindDef>Combat</kindDef>
                <commonality>60</commonality>
                <options>
                    <O21_KoboldTribes_Peasant>15</O21_KoboldTribes_Peasant>
                    <O21_KoboldTribes_Fighter>40</O21_KoboldTribes_Fighter>
                    <O21_KoboldTribes_Warrior>40</O21_KoboldTribes_Warrior>
                    <O21_KoboldTribes_Champion>30</O21_KoboldTribes_Champion>
                    <O21_KoboldTribes_Chief>5</O21_KoboldTribes_Chief>
                </options>
            </li>
            <li>
                <!-- Peaceful -->
                <kindDef>Peaceful</kindDef>
                <options>
                    <O21_KoboldTribes_Fighter>30</O21_KoboldTribes_Fighter>
                    <O21_KoboldTribes_Warrior>30</O21_KoboldTribes_Warrior>
                    <O21_KoboldTribes_Bowman>30</O21_KoboldTribes_Bowman>
                    <O21_KoboldTribes_Champion>20</O21_KoboldTribes_Champion>
                    <O21_KoboldTribes_Chief>10</O21_KoboldTribes_Chief>
                </options>
            </li>
            <li>
                <kindDef>Trader</kindDef>
                <traders>
                    <O21_KoboldTribes_Merchant>1</O21_KoboldTribes_Merchant>
                </traders>
                <carriers>
                    <Muffalo>6</Muffalo>
                    <Dromedary>5</Dromedary>
                    <Alpaca>2.5</Alpaca>
                    <Elephant>2</Elephant>
                </carriers>
                <guards>
                    <O21_KoboldTribes_Fighter>30</O21_KoboldTribes_Fighter>
                    <O21_KoboldTribes_Warrior>30</O21_KoboldTribes_Warrior>
                    <O21_KoboldTribes_Bowman>30</O21_KoboldTribes_Bowman>
                    <O21_KoboldTribes_Champion>20</O21_KoboldTribes_Champion>
                </guards>
            </li>
            <li>
                <kindDef>Settlement</kindDef>
                <options>
                    <O21_KoboldTribes_Peasant>20</O21_KoboldTribes_Peasant>
                    <O21_KoboldTribes_Fighter>20</O21_KoboldTribes_Fighter>
                    <O21_KoboldTribes_Warrior>20</O21_KoboldTribes_Warrior>
                    <O21_KoboldTribes_Bowman>50</O21_KoboldTribes_Bowman>
                    <O21_KoboldTribes_Champion>30</O21_KoboldTribes_Champion>
                    <O21_KoboldTribes_Chief>50</O21_KoboldTribes_Chief>
                </options>
            </li>
		</pawnGroupMakers>
	</FactionDef>

</Defs>