<?xml version="1.0" encoding="utf-8" ?>
<Defs>

	<PawnKindDef Name="O21_KoboldTribePawnBase" Abstract="True">
		<race>O21_Alien_Kobold</race>
		<defaultFactionType>O21_KoboldTribes</defaultFactionType>
        <minGenerationAge>35</minGenerationAge>
        <maxGenerationAge>700</maxGenerationAge>
        <chemicalAddictionChance>0.05</chemicalAddictionChance>
        <invNutrition>2.55</invNutrition>
        <invFoodDef>Pemmican</invFoodDef>
        <apparelTags>
            <li>MedievalBasic</li>
        </apparelTags>
	</PawnKindDef>

    <!-- Poverty Tier - Peasant -->
    <PawnKindDef ParentName="O21_KoboldTribePawnBase">
        <defName>O21_KoboldTribes_Peasant</defName>
        <label>kobold peasant</label>
        <combatPower>35</combatPower>
        <chemicalAddictionChance>0.10</chemicalAddictionChance>
        <invNutrition>0</invNutrition>
        <itemQuality>Poor</itemQuality>
        <gearHealthRange>
            <min>0.2</min>
            <max>1.1</max>
        </gearHealthRange>
        <apparelMoney>
            <min>50</min>
            <max>125</max>
        </apparelMoney>
        <apparelTags>
            <li>Neolithic</li>
        </apparelTags>
        <weaponMoney>
            <min>90</min>
            <max>150</max>
        </weaponMoney>
        <weaponTags>
            <li>NeolithicMeleeBasic</li>
        </weaponTags>
        <techHediffsMoney>
            <min>50</min>
            <max>50</max>
        </techHediffsMoney>
        <techHediffsTags>
            <li>Poor</li>
        </techHediffsTags>
        <techHediffsChance>0.15</techHediffsChance>
    </PawnKindDef>

    <!-- Low-Tier - Merchant, fighter -->
    <PawnKindDef ParentName="O21_KoboldTribePawnBase">
        <defName>O21_KoboldTribes_Merchant</defName>
        <label>kobold merchant</label>
        <combatPower>40</combatPower>
        <trader>true</trader>
        <isFighter>false</isFighter>
        <gearHealthRange>
            <min>1</min>
            <max>1</max>
        </gearHealthRange>
        <apparelMoney>
            <min>300</min>
            <max>500</max>
        </apparelMoney>
        <weaponMoney>
            <min>100</min>
            <max>150</max>
        </weaponMoney>
        <weaponTags>
            <li>NeolithicMeleeBasic</li>
        </weaponTags>
        <modExtensions Inherit="False"/>
    </PawnKindDef>

    <PawnKindDef ParentName="O21_KoboldTribePawnBase">
        <defName>O21_KoboldTribes_Fighter</defName>
        <label>kobold fighter</label>
        <combatPower>50</combatPower>
        <canBeSapper>true</canBeSapper>
        <gearHealthRange>
            <min>0.5</min>
            <max>1.8</max>
        </gearHealthRange>
        <apparelMoney>
            <min>300</min>
            <max>500</max>
        </apparelMoney>
        <apparelTags>
            <li>MedievalArmorBasic</li>
        </apparelTags>
        <weaponMoney>
            <min>100</min>
            <max>150</max>
        </weaponMoney>
        <weaponTags>
            <li>MedievalMeleeDecent</li>
        </weaponTags>
    </PawnKindDef>

    <!-- Mid-tier - warrior, bowman -->
    <PawnKindDef ParentName="O21_KoboldTribePawnBase">
        <defName>O21_KoboldTribes_Warrior</defName>
        <label>kobold warrior</label>
        <combatPower>70</combatPower>
        <canBeSapper>true</canBeSapper>
        <gearHealthRange>
            <min>0.8</min>
            <max>1.8</max>
        </gearHealthRange>
        <apparelMoney>
            <min>700</min>
            <max>1000</max>
        </apparelMoney>
        <apparelTags>
            <li>MedievalMilitary</li>
        </apparelTags>
        <weaponMoney>
            <min>150</min>
            <max>150</max>
        </weaponMoney>
        <weaponTags>
            <li>MedievalMeleeDecent</li>
        </weaponTags>
    </PawnKindDef>

    <PawnKindDef ParentName="O21_KoboldTribePawnBase">
        <defName>O21_KoboldTribes_Bowman</defName>
        <label>kobold bowman</label>
        <combatPower>70</combatPower>
        <gearHealthRange>
            <min>0.8</min>
            <max>1.8</max>
        </gearHealthRange>
        <apparelMoney>
            <min>500</min>
            <max>700</max>
        </apparelMoney>
        <weaponMoney>
            <min>150</min>
            <max>250</max>
        </weaponMoney>
        <weaponTags>
      		<li>NeolithicRangedBasic</li>
      		<li>NeolithicRangedDecent</li>
      		<li>NeolithicRangedHeavy</li>
            <li>MedievalRanged</li>
        </weaponTags>
    </PawnKindDef>

    <!-- High-tier - champion, chief -->
    <PawnKindDef ParentName="O21_KoboldTribePawnBase">
        <defName>O21_KoboldTribes_Champion</defName>
        <label>kobold champion</label>
        <combatPower>100</combatPower>
        <itemQuality>Good</itemQuality>
        <apparelMoney>
            <min>1000</min>
            <max>1600</max>
        </apparelMoney>
        <apparelTags>
            <li>MedievalMilitary</li>
            <li>MedievalArmorDecent</li>
        </apparelTags>
        <weaponMoney>
            <min>300</min>
            <max>300</max>
        </weaponMoney>
        <weaponTags>
            <li>MedievalMeleeDecent</li>
            <li>MedievalMeleeAdvanced</li>
        </weaponTags>
    </PawnKindDef>

    <PawnKindDef ParentName="O21_KoboldTribePawnBase">
        <defName>O21_KoboldTribes_Chief</defName>
        <label>kobold chief</label>
        <combatPower>140</combatPower>
        <baseRecruitDifficulty>0.90</baseRecruitDifficulty>
        <minGenerationAge>30</minGenerationAge>
        <maxGenerationAge>999</maxGenerationAge>
        <itemQuality>Excellent</itemQuality>
        <factionLeader>true</factionLeader>
        <apparelMoney>
            <min>1600</min>
            <max>2400</max>
        </apparelMoney>
        <apparelTags>
            <li>MedievalMilitary</li>
            <li>MedievalArmorDecent</li>
        </apparelTags>
        <weaponMoney>
            <min>500</min>
            <max>700</max>
        </weaponMoney>
        <weaponTags>
            <li>MedievalMeleeDecent</li>
            <li>MedievalMeleeAdvanced</li>
        </weaponTags>
    </PawnKindDef>

</Defs>