<?xml version="1.0" encoding="utf-8" ?>
<Defs>

	<PawnKindDef Name="BaseKoboldPawnKind">
		<defName>O21_Kobold</defName>
		<label>Kobold</label>
		<race>O21_Alien_Kobold</race>
		<combatPower>40</combatPower>
		<baseRecruitDifficulty>0.50</baseRecruitDifficulty>
		<isFighter>false</isFighter>
		<apparelIgnoreSeasons>true</apparelIgnoreSeasons>
		<forceNormalGearQuality>true</forceNormalGearQuality>
		<defaultFactionType>O21_KoboldPlayerColony</defaultFactionType>
		<apparelTags>
			<li>IndustrialBasic</li>
		</apparelTags>
		<apparelAllowHeadgearChance>0</apparelAllowHeadgearChance>
		<apparelMoney>
			<min>50</min>
			<max>800</max>
		</apparelMoney>
		<backstoryCryptosleepCommonality>1</backstoryCryptosleepCommonality>
		<techHediffsChance>0.03</techHediffsChance>
		<techHediffsMoney>
			<min>50</min>
			<max>800</max>
		</techHediffsMoney>
		<techHediffsTags>
			<li>Poor</li>
			<li>Simple</li>
		</techHediffsTags>
	</PawnKindDef>

	<PawnKindDef Name="BaseTribalKoboldPawnKind">
		<defName>O21_KoboldTribal</defName>
		<label>Tribal Kobold</label>
		<race>O21_Alien_Kobold</race>
		<combatPower>40</combatPower>
		<baseRecruitDifficulty>0.50</baseRecruitDifficulty>
		<isFighter>false</isFighter>
		<apparelIgnoreSeasons>true</apparelIgnoreSeasons>
		<forceNormalGearQuality>true</forceNormalGearQuality>
		<defaultFactionType>O21_KoboldPlayerTribe</defaultFactionType>
		<apparelTags>
			<li>Medieval</li>
		</apparelTags>
		<apparelAllowHeadgearChance>0</apparelAllowHeadgearChance>
		<apparelMoney>
			<min>200</min>
			<max>200</max>
		</apparelMoney>
		<backstoryCryptosleepCommonality>0</backstoryCryptosleepCommonality>
		<techHediffsChance>0.02</techHediffsChance>
		<techHediffsMoney>
			<min>50</min>
			<max>50</max>
		</techHediffsMoney>
		<techHediffsTags>
			<li>Poor</li>
		</techHediffsTags>
	</PawnKindDef>

</Defs>