﻿<?xml version="1.0" encoding="utf-8"?>
<ModMetaData>
	<name>[O21] Kobolds</name>
	<author>Neronix17</author>
	<packageId>neronix17.fr.race.kobolds</packageId>
	<url></url>
	<supportedVersions>
		<li>1.1</li>
	</supportedVersions>
	<description>Simple Kobold mod for Rimworld.</description>
	<modDependencies>
		<li>
			<packageId>erdelf.HumanoidAlienRaces</packageId>
			<displayName>Humanoid Alien Races 2.0</displayName>
			<steamWorkshopUrl>https://steamcommunity.com/sharedfiles/filedetails/?id=839005762</steamWorkshopUrl>
		</li>
	</modDependencies>
	<loadAfter>
		<li>erdelf.HumanoidAlienRaces</li>
	</loadAfter>
</ModMetaData>