<?xml version="1.0" encoding="utf-8" ?>
<Defs>
	
	<ThingDef ParentName="LeatherBase"> <!-- Tau Leather -->
		<defName>Leather_Kobold</defName>
		<label>Kobold skin</label>
		<description>The tanned skin of a Kobold. Kobold hide is reasonably tough, but does not insulate well at all..</description>
		<graphicData>
      		<color>(101,116,58)</color>
		</graphicData>
		<statBases>
			<StuffPower_Armor_Sharp>0.81</StuffPower_Armor_Sharp>
			<StuffPower_Armor_Blunt>0.27</StuffPower_Armor_Blunt>
			<StuffPower_Insulation_Cold>12</StuffPower_Insulation_Cold>
			<StuffPower_Insulation_Heat>12</StuffPower_Insulation_Heat>
		</statBases>
		<stuffProps>
			<color>(101,116,58)</color>
			<commonality>0.075</commonality>
			<statFactors>
				<MaxHitPoints>1.0</MaxHitPoints>
			</statFactors>
		</stuffProps>
	</ThingDef>
	
</Defs>