﻿<?xml version="1.0" encoding="utf-8" ?>
<Defs>
  
	<LifeStageDef>
		<defName>BabyKoboldStage</defName>
		<label>Baby</label>
		<bodySizeFactor>0.2</bodySizeFactor>
		<healthScaleFactor>0.2</healthScaleFactor>
		<hungerRateFactor>0.2</hungerRateFactor>
		<marketValueFactor>0.5</marketValueFactor>
		<statFactors>
			<MoveSpeed>0.2</MoveSpeed>
		</statFactors>
	</LifeStageDef>

	<LifeStageDef>
		<defName>ChildKoboldStage</defName>
		<label>Child</label>
		<bodySizeFactor>0.5</bodySizeFactor>
		<healthScaleFactor>0.5</healthScaleFactor>
		<hungerRateFactor>0.6</hungerRateFactor>
		<marketValueFactor>0.9</marketValueFactor>
		<statFactors>
			<MoveSpeed>0.65</MoveSpeed>
		</statFactors>
	</LifeStageDef>

    <LifeStageDef>
		<defName>TeenKoboldStage</defName>
		<label>Teen</label>
		<visible>false</visible>
		<reproductive>true</reproductive>
	</LifeStageDef>
  
	<LifeStageDef>
		<defName>AdultKoboldStage</defName>
		<label>Adult</label>
		<visible>false</visible>
		<reproductive>true</reproductive>
	</LifeStageDef>

	<LifeStageDef>
		<defName>ElderKoboldStage</defName>
		<label>Elder</label>
		<visible>false</visible>
		<reproductive>true</reproductive>
	</LifeStageDef>
  
	<LifeStageDef>
		<defName>AncestorKoboldStage</defName>
		<label>Ancestor</label>
		<visible>false</visible>
		<reproductive>true</reproductive>
	</LifeStageDef>

</Defs>