<?xml version="1.0" encoding="utf-8" ?>
<Defs>

	<AlienRace.RaceSettings>
		<defName>Kobold_Settings</defName>
		<pawnKindSettings>
            <alienslavekinds>
				<li>
					<kindDefs>
						<li>O21_Kobold</li>
						<li>O21_KoboldTribal</li>
					</kindDefs>
					<chance>20.0</chance>
				</li>
            </alienslavekinds>
            <alienrefugeekinds>
				<li>
					<kindDefs>
						<li>O21_Kobold</li>
						<li>O21_KoboldTribal</li>
					</kindDefs>
					<chance>20.0</chance>
				</li>
            </alienrefugeekinds>
			<startingColonists>
				<li>
					<pawnKindEntries>
						<li>
							<kindDefs>
								<li>O21_Kobold</li>
							</kindDefs>
							<chance>20.0</chance>
						</li>
					</pawnKindEntries>
					<factionDefs>
						<li>O21_KoboldPlayerColony</li> 
					</factionDefs>
				</li>
				<li>
					<pawnKindEntries>
						<li>
							<kindDefs>
								<li>O21_KoboldTribal</li>
							</kindDefs>
							<chance>20.0</chance>
						</li>
					</pawnKindEntries>
					<factionDefs>
						<li>O21_KoboldPlayerTribe</li>
					</factionDefs>
				</li>
			</startingColonists>
            <alienwandererkinds>
				<li>
					<pawnKindEntries>
						<li>
							<kindDefs>
								<li>O21_Kobold</li>
							</kindDefs>
							<chance>20.0</chance>
						</li>
					</pawnKindEntries>
					<factionDefs>
						<li>O21_KoboldPlayerColony</li> 
					</factionDefs>
				</li>
				<li>
					<pawnKindEntries>
						<li>
							<kindDefs>
								<li>O21_KoboldTribal</li>
							</kindDefs>
							<chance>20.0</chance>
						</li>
					</pawnKindEntries>
					<factionDefs>
						<li>O21_KoboldPlayerTribe</li>
					</factionDefs>
				</li>
            </alienwandererkinds>
        </pawnKindSettings>
	</AlienRace.RaceSettings>

	<AlienRace.ThingDef_AlienRace ParentName="BasePawn" Name="Alien_Kobold">
		<defName>O21_Alien_Kobold</defName>
		<label>Kobold</label>
		<description>Aggressive, xenophobic, yet industrious small humanoid creatures, kobolds are noted for their skill at building traps and preparing ambushes.</description>
		<alienRace>
			<generalSettings>
				<maleGenderProbability>0.5</maleGenderProbability>
				<immuneToAge>false</immuneToAge>
				<humanRecipeImport>true</humanRecipeImport>
				<immuneToXenophobia>false</immuneToXenophobia>
				<disallowedTraits>
					<li>PsychicSensitivity</li>
					<li>Nudist</li>
					<li>Cannibal</li>
					<li>Undergrounder</li>
				</disallowedTraits>
				<alienPartGenerator>
					<useGenderedHeads>false</useGenderedHeads>
					<aliencrowntypes>
						<li>Kobold_NoHorns</li>
						<li>Kobold_TwoHorns</li>
						<li>Kobold_FourHorns</li>
					</aliencrowntypes>
					<alienbodytypes>
						<li>Male</li>
						<li>Female</li>
					</alienbodytypes>
					<alienskincolorgen Class="ColorGenerator_Options">
						<options>
							<!-- Black Skins -->
							<!-- li>
								<weight>10</weight>
								<only>RGB(30, 30, 30)</only>
							</li>
							<li>
								<weight>10</weight>
								<only>RGB(40, 40, 40)</only>
							</li>
							<li>
								<weight>10</weight>
								<only>RGB(50, 50, 50)</only>
							</li -->
							<!-- Blue Skins -->
							<li>
								<weight>10</weight>
								<only>RGB(64, 132, 165)</only>
							</li>
							<li>
								<weight>10</weight>
								<only>RGB(62, 86, 89)</only>
							</li>
							<li>
								<weight>10</weight>
								<only>RGB(106, 157, 162)</only>
							</li>
							<!-- Red Skins -->
							<li>
								<weight>10</weight>
								<only>RGB(114, 61, 61)</only>
							</li>
							<li>
								<weight>10</weight>
								<only>RGB(191, 66, 66)</only>
							</li>
							<li>
								<weight>10</weight>
								<only>RGB(140, 57, 57)</only>
							</li>
							<!-- Green Skins -->
							<li>
								<weight>10</weight>
								<only>RGB(121, 163, 107)</only>
							</li>
							<li>
								<weight>10</weight>
								<only>RGB(104, 186, 78)</only>
							</li>
							<li>
								<weight>10</weight>
								<only>RGB(74, 114, 61)</only>
							</li>
						</options>
					</alienskincolorgen>
					<customDrawSize>(0.70, 0.70)</customDrawSize>
					<customHeadDrawSize>(0.70, 0.70)</customHeadDrawSize>
					<headOffset>(0.0, -0.1)</headOffset>
				</alienPartGenerator>
			</generalSettings>
			<graphicPaths>
				<li>
					<head>Pawn/Kobold/Head/</head>
				</li>
			</graphicPaths>
			<thoughtSettings>
				<cannotReceiveThoughts>
					<li>ObservedLayingCorpse</li>
					<li>EnvironmentDark</li>
					<li>NeedOutdoors</li>
					<li>DeadMansApparel</li>
					<li>KnowGuestExecuted</li>
					<li>KnowPrisonerDiedInnocent</li>
					<li>AteRawFood</li>
					<li>AteKibble</li>
					<li>AteCorpse</li>
					<li>AteHumanlikeMeatDirect</li>
					<li>AteHumanlikeMeatAsIngredient</li>
					<li>AteHumanlikeMeatAsIngredientCannibal</li>
					<li>AteInsectMeatDirect</li>
					<li>AteWithoutTable</li>
					<li>SleptOnGround</li>
					<li>KnowPrisonerSold</li>
					<li>KnowGuestOrganHarvested</li>
					<li>KnowColonistOrganHarvested</li>
					<li>SoakingWet</li>
					<li>KnowButcheredHumanlikeCorpse</li>
					<li>ButcheredHumanlikeCorpse</li>
					<li>WitnessedDeathNonAlly</li>
					<li>ColonistBanished</li>
					<li>ColonistBanishedToDie</li>
					<li>PrisonerBanishedToDie</li>
					<li>SharedBed</li>

					<li>ButcheredHumanlikeCorpseOpinion</li>
				</cannotReceiveThoughts>
			</thoughtSettings>
			<hairSettings>
				<hasHair>false</hasHair>
				<getsGreyAt>65</getsGreyAt> 
				<hairTags />
			</hairSettings>
			<relationSettings>
				<relationChanceModifierChild>1</relationChanceModifierChild>
				<relationChanceModifierExLover>1</relationChanceModifierExLover>
				<relationChanceModifierExSpouse>1</relationChanceModifierExSpouse>
				<relationChanceModifierFiance>1</relationChanceModifierFiance>
				<relationChanceModifierLover>1</relationChanceModifierLover>
				<relationChanceModifierParent>1</relationChanceModifierParent>
				<relationChanceModifierSibling>1</relationChanceModifierSibling>
				<relationChanceModifierSpouse>1</relationChanceModifierSpouse>
			</relationSettings>
		</alienRace>
		<statBases>
			<Mass>35</Mass>
			<MarketValue>1500</MarketValue>
			<MoveSpeed>5.8</MoveSpeed>
			<Flammability>0.1</Flammability>
			<ComfyTemperatureMin>8</ComfyTemperatureMin>
			<ComfyTemperatureMax>28</ComfyTemperatureMax>
			<LeatherAmount>20</LeatherAmount>
			<PsychicSensitivity>1.0</PsychicSensitivity>
			<ArmorRating_Blunt>0.20</ArmorRating_Blunt>
			<ArmorRating_Sharp>0.35</ArmorRating_Sharp>
			<ArmorRating_Heat>0.15</ArmorRating_Heat>
			<WorkSpeedGlobal>1.2</WorkSpeedGlobal>
			<MiningSpeed>1.2</MiningSpeed>
		</statBases>
		<tools>
			<li>
				<label>left fist</label>
				<capacities>
					<li>Blunt</li>
				</capacities>
				<power>8.2</power>
				<cooldownTime>2</cooldownTime>
				<linkedBodyPartsGroup>LeftHand</linkedBodyPartsGroup>
				<surpriseAttack>
					<extraMeleeDamages>
						<li>
							<def>Stun</def>
							<amount>14</amount>
						</li>
					</extraMeleeDamages>
				</surpriseAttack>
			</li>
			<li>
				<label>right fist</label>
				<capacities>
					<li>Blunt</li>
				</capacities>
				<power>8.2</power>
				<cooldownTime>2</cooldownTime>
				<linkedBodyPartsGroup>RightHand</linkedBodyPartsGroup>
				<surpriseAttack>
					<extraMeleeDamages>
						<li>
							<def>Stun</def>
							<amount>14</amount>
						</li>
					</extraMeleeDamages>
				</surpriseAttack>
			</li>
			<li>
				<label>teeth</label>
				<capacities>
					<li>Bite</li>
				</capacities>
				<power>8.2</power>
				<cooldownTime>2</cooldownTime>
				<linkedBodyPartsGroup>Teeth</linkedBodyPartsGroup>
				<chanceFactor>0.07</chanceFactor>
			</li>
			<li>
				<label>head</label>
				<capacities>
					<li>Blunt</li>
				</capacities>
				<power>5</power>
				<cooldownTime>2</cooldownTime>
				<linkedBodyPartsGroup>HeadAttackTool</linkedBodyPartsGroup>
				<ensureLinkedBodyPartsGroupAlwaysUsable>true</ensureLinkedBodyPartsGroupAlwaysUsable>
				<chanceFactor>0.2</chanceFactor>
			</li>
		</tools>
		<race>
			<thinkTreeMain>Humanlike</thinkTreeMain>
			<thinkTreeConstant>HumanlikeConstant</thinkTreeConstant>
			<intelligence>Humanlike</intelligence>
			<makesFootprints>true</makesFootprints>
			<lifeExpectancy>80</lifeExpectancy>
			<leatherDef>Leather_Kobold</leatherDef>
      		<nameCategory>HumanStandard</nameCategory>
			<body>Human</body>
			<baseBodySize>1</baseBodySize>
			<baseHealthScale>0.9</baseHealthScale>
			<foodType>OmnivoreHuman</foodType>
			<gestationPeriodDays>45</gestationPeriodDays>
			<litterSizeCurve>
				<points>
					<li>(0.5, 0)</li>
					<li>(1, 1)</li>
					<li>(1.01, 0.02)</li>
					<li>(3.5, 0)</li>
				</points>
			</litterSizeCurve>
			<lifeStageAges>
				<li>
					<def>BabyKoboldStage</def>
					<minAge>0</minAge>
				</li>
				<li>
					<def>ChildKoboldStage</def>
					<minAge>3</minAge>
				</li>
				<li>
					<def>TeenKoboldStage</def>
					<minAge>11</minAge>
				</li>
				<li>
					<def>AdultKoboldStage</def>
					<minAge>18</minAge>
				</li>
				<li>
					<def>ElderKoboldStage</def>
					<minAge>80</minAge>
				</li>
				<li>
					<def>AncestorKoboldStage</def>
					<minAge>120</minAge>
				</li>
			</lifeStageAges>
			<soundMeleeHitPawn>Pawn_Melee_Punch_HitPawn</soundMeleeHitPawn>
			<soundMeleeHitBuilding>Pawn_Melee_Punch_HitBuilding</soundMeleeHitBuilding>
			<soundMeleeMiss>Pawn_Melee_Punch_Miss</soundMeleeMiss>
			<specialShadowData>
				<volume>(0.3, 0.8, 0.4)</volume>
				<offset>(0,0,-0.3)</offset>
			</specialShadowData>
			<ageGenerationCurve>
				<points>
					<li>(14,0)</li>
					<li>(16,100)</li>
					<li>(50,100)</li>
					<li>(60,30)</li>
					<li>(70,18)</li>
					<li>(80,10)</li>
					<li>(90,3)</li>
					<li>(100,0)</li>
				</points>
			</ageGenerationCurve>
			<hediffGiverSets>
				<li>OrganicStandard</li>
			</hediffGiverSets>
		</race>
		<recipes>
			<li>InstallArchotechEye</li>
			<li>InstallArchotechArm</li>
			<li>InstallArchotechLeg</li>
			<li>InstallPowerClaw</li>
			<li>InstallBionicEye</li>
			<li>InstallBionicArm</li>
			<li>InstallBionicLeg</li>
			<li>InstallBionicSpine</li>
			<li>InstallBionicHeart</li>
			<li>InstallBionicStomach</li>
			<li>InstallBionicEar</li>
			<li>InstallSimpleProstheticArm</li>
			<li>InstallSimpleProstheticLeg</li>
			<li>InstallSimpleProstheticHeart</li>
			<li>InstallCochlearImplant</li>
			<li>InstallPegLeg</li>
			<li>InstallWoodenFoot</li>
			<li>InstallDenture</li>
			<li>InstallJoywire</li>
			<li>InstallPainstopper</li>
			<li>InstallNaturalHeart</li>
			<li>InstallNaturalLung</li>
			<li>InstallNaturalKidney</li>
			<li>InstallNaturalLiver</li>
			<li>ExciseCarcinoma</li>
			<li>AdministerMechSerumHealer</li>
			<li>RemoveBodyPart</li>
			<li>Euthanize</li>
			<li>Anesthetize</li>
		</recipes>
	</AlienRace.ThingDef_AlienRace>
	
</Defs>